<shortcuts>
	<shortcut>
		<defaultID />
		<label>Search Movies...</label>
		<label2>Video Add-On</label2>
		<icon>DefaultShortcut.png</icon>
		<thumb>image://%2fstorage%2femulated%2f0%2fAndroid%2fdata%2forg.xbmc.kodi%2ffiles%2f.kodi%2faddons%2fplugin.video.umbrella%2fresources%2fartwork%2fumbrella%2fsearchmovies.png/</thumb>
		<action>ActivateWindow(Videos,"plugin://plugin.video.umbrella/?action=movieSearch&amp;folderName=Search+Movies...",return)</action>
		</shortcut>
	<shortcut>
		<defaultID />
		<label>House Of Horrors</label>
		<label2>Video Add-On</label2>
		<icon>DefaultShortcut.png</icon>
		<thumb>image://https%3a%2f%2fi.imgur.com%2f3BWDbmX.png/</thumb>
		<action>ActivateWindow(Videos,"plugin://plugin.video.thechains/?mode=189&amp;iconimage=https%3A%2F%2Fi.imgur.com%2F3BWDbmX.png&amp;fanart=https%3A%2F%2Fi.imgur.com%2FeAZ7tuT.jpeg&amp;description=House+Of+Horrors&amp;url=http%3A%2F%2Fthechains24.com%2FTHE%2520CRYPT%2FHORROR%2520MAIN.txt&amp;name=House+Of+Horrors&amp;image_master=&amp;heb_name=+&amp;last_id=&amp;dates=+&amp;data=+&amp;original_title=+&amp;id=+&amp;season=+&amp;episode=+&amp;tmdbid=+&amp;eng_name=+&amp;show_original_year=+&amp;isr=0&amp;fav_status=false&amp;all_w=%7B%7D&amp;search_db=&amp;mypass=&amp;iconimage=https%3A%2F%2Fi.imgur.com%2F3BWDbmX.png&amp;fanart=https%3A%2F%2Fi.imgur.com%2FeAZ7tuT.jpeg&amp;description=House+Of+Horrors&amp;url=http%3A%2F%2Fthechains24.com%2FTHE%2520CRYPT%2FHORROR%2520MAIN.txt&amp;name=House+Of+Horrors&amp;image_master=&amp;heb_name=+&amp;last_id=&amp;dates=+&amp;data=+&amp;original_title=+&amp;id=+&amp;season=+&amp;episode=+&amp;tmdbid=+&amp;eng_name=+&amp;show_original_year=+&amp;fav_status=false&amp;all_w=%7B%7D&amp;search_db=&amp;mypass=&amp;video_data=%7B%22title%22%3A+%22House+Of+Horrors%22%2C+%22mediatype%22%3A+%22movie%22%2C+%22TVshowtitle%22%3A+%22%22%2C+%22season%22%3A+0%2C+%22episode%22%3A+0%2C+%22OriginalTitle%22%3A+%22+%22%2C+%22rating%22%3A+%220%22%2C+%22plot%22%3A+%22House+Of+Horrors%22%2C+%22Tag%22%3A+%22None%22%2C+%22id%22%3A+%22+%22%7D&amp;video_data=%7B%22title%22%3A+%22House+Of+Horrors%22%2C+%22mediatype%22%3A+%22movie%22%2C+%22TVshowtitle%22%3A+%22%22%2C+%22season%22%3A+0%2C+%22episode%22%3A+0%2C+%22OriginalTitle%22%3A+%22+%22%2C+%22rating%22%3A+%220%22%2C+%22plot%22%3A+%22House+Of+Horrors%22%2C+%22Tag%22%3A+%22None%22%2C+%22id%22%3A+%22+%22%7D",return)</action>
		</shortcut>
	</shortcuts>
