{
    "access_manager": {
        "current_user": 0,
        "developers": {},
        "last_origin": "plugin.video.youtube",
        "users": {
            "0": {
                "access_token": "",
                "id": "750a27f9c3e440d789e4e8f332f10189",
                "last_key_hash": "d41d8cd98f00b204e9800998ecf8427e",
                "name": "Default",
                "refresh_token": "",
                "token_expires": 1742857642.831221,
                "watch_history": "HL",
                "watch_later": "WL"
            }
        }
    }
}