<?xml version="1.0" ?>
<buttonmap>
    <device name="shield-ask-remote" provider="android" vid="18D1" pid="0100" buttoncount="12">
        <configuration>
            <appearance id="game.controller.remote" />
        </configuration>
        <controller id="game.controller.default">
            <feature name="a" button="11" />
            <feature name="b" button="1" />
            <feature name="back" button="4" />
            <feature name="down" button="9" />
            <feature name="guide" button="6" />
            <feature name="left" button="10" />
            <feature name="right" button="8" />
            <feature name="start" button="5" />
            <feature name="up" button="7" />
            <feature name="x" button="2" />
            <feature name="y" button="3" />
        </controller>
    </device>
</buttonmap>
