<?xml version="1.0" ?>
<buttonmap>
    <device name="DualSense Wireless Controller" provider="directinput" vid="054C" pid="0CE6" buttoncount="14" hatcount="1" axiscount="6">
        <configuration>
            <axis index="3" center="-1" range="2" />
        </configuration>
        <controller id="game.controller.default">
            <feature name="a" button="1" />
            <feature name="b" button="2" />
            <feature name="back" button="8" />
            <feature name="down" hat="h0down" />
            <feature name="guide" button="13" />
            <feature name="left" hat="h0left" />
            <feature name="leftbumper" button="4" />
            <feature name="leftstick">
                <up axis="-1" />
                <down axis="+1" />
                <right axis="+0" />
                <left axis="-0" />
            </feature>
            <feature name="leftthumb" button="10" />
            <feature name="lefttrigger" button="6" />
            <feature name="right" hat="h0right" />
            <feature name="rightbumper" button="5" />
            <feature name="rightstick">
                <up axis="-5" />
                <down axis="+5" />
                <right axis="+2" />
                <left axis="-2" />
            </feature>
            <feature name="rightthumb" button="11" />
            <feature name="righttrigger" button="7" />
            <feature name="start" button="9" />
            <feature name="up" hat="h0up" />
            <feature name="x" button="0" />
            <feature name="y" button="3" />
        </controller>
    </device>
</buttonmap>
