[{"query": "Mets", "time": 1754245612, "items": [{"title": "[COLORdodgerblue]Baseball[COLORwhite] |[B][I] MLB : New York Mets vs San Francisco Giants[/B][/I]\n  [COLORred]Daddylive | 08/03 12:40 PM[/COLOR]", "thumbnail": null, "fanart": null, "summary": "MLB : New York Mets vs San Francisco Giants", "sportjetextractors": [{"address": "https://thedaddy.click/stream/stream-30.php", "name": "MLB League Pass"}, {"address": "https://thedaddy.click/stream/stream-759.php", "name": "SportsNet New York USA"}, {"address": "https://thedaddy.click/stream/stream-399.php", "name": "MLB Network USA"}, {"address": "https://thedaddy.click/stream/stream-753.php", "name": "NBC Sports Bay Area"}], "time": 1722717600.0, "type": "item"}, {"title": "[COLORdodgerblue]MLB[COLORwhite] |[B][I] New York Mets vs San Francisco Giants[/B][/I]\n  [COLORred]Buffstreams | [/COLOR]", "thumbnail": null, "fanart": null, "summary": "New York Mets vs San Francisco Giants", "sportjetextractors": [{"address": "https://x3.xplorebrav.space/playlist/35578/load-playlist", "headers": {"Referer": "https://googlapisapi.com/new-stream-embed/35578", "Origin": "https://googlapisapi.com"}, "inputstream": {"inputstream_id": "inputstream.ffmpegdirect", "is_realtime_stream": true, "stream_mode": "timeshift", "manifest_type": "hls"}, "direct": true}], "time": 1924923600.0, "type": "item"}, {"title": "[COLORdodgerblue]Baseball[COLORwhite] |[B][I] New York Mets vs San Francisco Giants - August 03, 2025, 01:40 PM (Live)[/B][/I]\n  [COLORred]Sportea | [/COLOR]", "thumbnail": "https://www.thesportsdb.com/images/media/event/thumb/wbq88l1754067603.jpg", "fanart": "https://www.thesportsdb.com/images/media/event/thumb/wbq88l1754067603.jpg", "summary": "New York Mets vs San Francisco Giants - August 03, 2025, 01:40 PM (Live)", "sportjetextractors": [{"address": "https://cdn.snapinstadownload.xyz/live/embed/es72", "name": "US: Eplus 72"}, {"address": "https://cdn.snapinstadownload.xyz/live/foxtrot/688f2513bf20302cad94c5a1/1", "name": "New York Mets vs San Francisco Giants - FOXTROT 1"}, {"address": "https://cdn.snapinstadownload.xyz/live/foxtrot/688f2513bf20302cad94c5a1/2", "name": "New York Mets vs San Francisco Giants - FOXTROT 2"}, {"address": "https://cdn.snapinstadownload.xyz/live/alpha/new-york-mets-vs-san-francisco-giants/1", "name": "New York Mets vs San Francisco Giants - ALPHA 1"}, {"address": "https://cdn.snapinstadownload.xyz/live/alpha/new-york-mets-vs-san-francisco-giants/2", "name": "New York Mets vs San Francisco Giants - ALPHA 2"}, {"address": "https://cdn.snapinstadownload.xyz/live/alpha/new-york-mets-vs-san-francisco-giants/3", "name": "New York Mets vs San Francisco Giants - ALPHA 3"}, {"address": "https://cdn.snapinstadownload.xyz/live/alpha/new-york-mets-vs-san-francisco-giants/4", "name": "New York Mets vs San Francisco Giants - ALPHA 4"}, {"address": "https://cdn.snapinstadownload.xyz/live/alpha/new-york-mets-vs-san-francisco-giants/5", "name": "New York Mets vs San Francisco Giants - ALPHA 5"}, {"address": "https://cdn.snapinstadownload.xyz/live/charlie/san-francisco-giants-vs-new-york-mets-1629453348/1", "name": "New York Mets vs San Francisco Giants - CHARLIE 1"}, {"address": "https://cdn.snapinstadownload.xyz/live/delta/live_mlb_mets-giants-live-streaming-953695350/1", "name": "New York Mets vs San Francisco Giants - DELTA 1"}], "time": 1924923600.0, "type": "item"}]}, {"query": "Shields", "time": 1753583660, "items": [{"title": "[COLORdodgerblue]Boxing[COLORwhite] |[B][I] Boxing : Claressa Shields vs Lani Daniels[/B][/I]\n  [COLORred]Daddylive | 07/25 07:00 PM[/COLOR]", "thumbnail": null, "fanart": null, "summary": "Boxing : Claressa Shields vs Lani Daniels", "sportjetextractors": [{"address": "https://thedaddy.click/stream/stream-59.php", "name": "DAZN PPV"}], "time": 1721962800.0, "type": "item"}, {"title": "[COLORdodgerblue]Boxing[COLORwhite] |[B][I] Claressa Shields vs Lani Daniels            [/B][/I]\n  [COLORred]Buffstreams | [/COLOR]", "thumbnail": null, "fanart": null, "summary": "Claressa Shields vs Lani Daniels            ", "sportjetextractors": [{"address": "https://x3.xplorebrav.space/playlist/35432/load-playlist", "headers": {"Referer": "https://googlapisapi.com/new-stream-embed/35432", "Origin": "https://googlapisapi.com"}, "inputstream": {"inputstream_id": "inputstream.ffmpegdirect", "is_realtime_stream": true, "stream_mode": "timeshift", "manifest_type": "hls"}, "direct": true}], "time": 1924923600.0, "type": "item"}, {"title": "[COLORdodgerblue]fighting[COLORwhite] |[B][I] Claressa Shields vs Lani Daniels - July 26, 2025, 08:00 PM (Live)[/B][/I]\n  [COLORred]Sportea | [/COLOR]", "thumbnail": null, "fanart": null, "summary": "Claressa Shields vs Lani Daniels - July 26, 2025, 08:00 PM (Live)", "sportjetextractors": [{"address": "https://cdn.snapinstadownload.xyz/live/embed/es47", "name": "US: Eplus 47"}, {"address": "https://cdn.snapinstadownload.xyz/live/alpha/claressa-shields-vs-lani-daniels/1", "name": "Claressa Shields vs Lani Daniels - ALPHA 1"}, {"address": "https://cdn.snapinstadownload.xyz/live/alpha/claressa-shields-vs-lani-daniels/2", "name": "Claressa Shields vs Lani Daniels - ALPHA 2"}, {"address": "https://cdn.snapinstadownload.xyz/live/alpha/claressa-shields-vs-lani-daniels/3", "name": "Claressa Shields vs Lani Daniels - ALPHA 3"}, {"address": "https://cdn.snapinstadownload.xyz/live/alpha/claressa-shields-vs-lani-daniels/4", "name": "Claressa Shields vs Lani Daniels - ALPHA 4"}, {"address": "https://cdn.snapinstadownload.xyz/live/alpha/claressa-shields-vs-lani-daniels/5", "name": "Claressa Shields vs Lani Daniels - ALPHA 5"}, {"address": "https://cdn.snapinstadownload.xyz/live/alpha/claressa-shields-vs-lani-daniels/6", "name": "Claressa Shields vs Lani Daniels - ALPHA 6"}, {"address": "https://cdn.snapinstadownload.xyz/live/alpha/claressa-shields-vs-lani-daniels/7", "name": "Claressa Shields vs Lani Daniels - ALPHA 7"}, {"address": "https://cdn.snapinstadownload.xyz/live/delta/live-event_claressa-shields-vs-lani-daniels-live-stream/1", "name": "Claressa Shields vs Lani Daniels - DELTA 1"}, {"address": "https://cdn.snapinstadownload.xyz/live/delta/live-event_claressa-shields-vs-lani-daniels-live-stream/2", "name": "Claressa Shields vs Lani Daniels - DELTA 2"}], "time": 1924923600.0, "type": "item"}]}, {"query": "Dodgers", "time": 1749163603, "items": [{"title": "[COLORdodgerblue]Baseball[COLORwhite] |[B][I] MLB : Los Angeles Dodgers vs New York Mets[/B][/I]\n  [COLORred]Daddylive | 06/05 03:10 PM[/COLOR]", "thumbnail": null, "fanart": null, "summary": "MLB : Los Angeles Dodgers vs New York Mets", "sportjetextractors": [{"address": "https://daddylive.dad/stream/stream-17.php", "name": "MLB League Pass"}, {"address": "https://daddylive.dad/stream/stream-32.php", "name": "TNT Sports 2 UK"}, {"address": "https://daddylive.dad/stream/stream-759.php", "name": "SportsNet New York USA"}, {"address": "https://daddylive.dad/stream/stream-764.php", "name": "Spectrum SportsNet LA"}, {"address": "https://daddylive.dad/stream/stream-495.php", "name": "beIN Sports 5 Max France"}, {"address": "https://daddylive.dad/stream/stream-431.php", "name": "Arena Sport 3 Serbia"}, {"address": "https://daddylive.dad/stream/stream-433.php", "name": "Arena Sport 2 Croatia"}, {"address": "https://daddylive.dad/stream/stream-83.php", "name": "ESPN3 Brazil"}, {"address": "https://daddylive.dad/stream/stream-147.php", "name": "Sport 5 Star Israel"}], "time": 1717629000.0, "type": "item"}, {"title": "[COLORdodgerblue]Baseball[COLORwhite] |[B][I] MLB : St. Louis Cardinals vs Los Angeles Dodgers[/B][/I]\n  [COLORred]Daddylive | 06/05 07:15 PM[/COLOR]", "thumbnail": null, "fanart": null, "summary": "MLB : St. Louis Cardinals vs Los Angeles Dodgers", "sportjetextractors": [{"address": "https://daddylive.dad/stream/stream-16.php", "name": "MLB League Pass"}, {"address": "https://daddylive.dad/stream/stream-764.php", "name": "Spectrum SportsNet LA"}, {"address": "https://daddylive.dad/stream/stream-894.php", "name": "FanDuel Sports Network Indiana"}, {"address": "https://daddylive.dad/stream/stream-900.php", "name": "FanDuel Sports Network Oklahoma"}, {"address": "https://daddylive.dad/stream/stream-896.php", "name": "FanDuel Sports Network Midwest"}], "time": 1717643700.0, "type": "item"}, {"title": "[COLORdodgerblue]MLB[COLORwhite] |[B][I] Los Angeles Dodgers vs New York Mets[/B][/I]\n  [COLORred]Buffstreams | [/COLOR]", "thumbnail": null, "fanart": null, "summary": "Los Angeles Dodgers vs New York Mets", "sportjetextractors": [{"address": "https://x3.xplorebrav.space/playlist/34406/load-playlist", "headers": {"Referer": "https://googlapisapi.com/new-stream-embed/34406", "Origin": "https://googlapisapi.com"}, "inputstream": {"inputstream_id": "inputstream.ffmpegdirect", "is_realtime_stream": true, "stream_mode": "timeshift", "manifest_type": "hls"}, "direct": true}], "time": 1924923600.0, "type": "item"}, {"title": "[COLORdodgerblue]MLB[COLORwhite] |[B][I] Los Angeles Dodgers - New York Mets[/B][/I]\n  [COLORred]SportyBite | 06/05 04:10 PM[/COLOR]", "thumbnail": "https://piratcast.tv/favicon.ico", "fanart": "https://piratcast.tv/favicon.ico", "summary": "Los Angeles Dodgers - New York Mets", "sportjetextractors": [{"address": "https://piratcast.tv/papa.php?hd=613"}], "time": 1749168600.0, "type": "item"}]}]