<sources>
    <programs>
        <default pathversion="1"></default>
    </programs>
    <video>
        <default pathversion="1"></default>
    </video>
    <music>
        <default pathversion="1"></default>
    </music>
    <pictures>
        <default pathversion="1"></default>
    </pictures>
    <files>
        <default pathversion="1"></default>
        <source>
            <name>the crew repo</name>
            <path pathversion="1">https://team-crew.github.io/</path>
            <allowsharing>true</allowsharing>
        </source>
        <source>
            <name>cocoscraper</name>
            <path pathversion="1">https://cocojoe2411.github.io/</path>
            <allowsharing>true</allowsharing>
        </source>
        <source>
            <name>umbrella</name>
            <path pathversion="1">https://umbrellaplug.github.io/</path>
            <allowsharing>true</allowsharing>
        </source>
        <source>
            <name>crew</name>
            <path pathversion="1">http://team-crew.github.io/</path>
            <allowsharing>true</allowsharing>
        </source>
        <source>
            <name>magnetic</name>
            <path pathversion="1">http://magnetic.website/repo/</path>
            <allowsharing>true</allowsharing>
        </source>
        <source>
            <name>slyguy.uk</name>
            <path pathversion="1">https://slyguy.uk/</path>
            <allowsharing>true</allowsharing>
        </source>
        <source>
            <name>redsrepo</name>
            <path pathversion="1">https://repo.redwizard.xyz/</path>
            <allowsharing>true</allowsharing>
        </source>
    </files>
    <games>
        <default pathversion="1"></default>
    </games>
</sources>
